{"cameraMode":{"drawMode":0,"name":"Shaded","section":"Shading Mode"},"sceneLighting":true,"audioPlay":false,"sceneViewState":{"showFog":true,"showMaterialUpdate":false,"showSkybox":true,"showFlares":true,"showImageEffects":true,"showParticleSystems":true},"in2DMode":false,"pivot":{"x":-0.6090856790542603,"y":0.3658996820449829,"z":-0.33619701862335207},"rotation":{"x":0.22525037825107575,"y":0.6688446402549744,"z":-0.22417406737804414,"w":0.6720615029335022},"size":6.109028339385986,"orthographic":true}